1,Activism
2,Addiction
3,Africa
4,Aging
5,Agriculture
6,AI
7,AIDS
8,Algorithm
9,Aliens
10,Alzheimer's
11,Ancient world
12,Animals
13,Animation
14,Antarctica
15,Anthropocene
16,Anthropology
17,Archaeology
18,Architecture
19,Art
20,Asia
21,Asteroid
22,Astrobiology
23,Astronomy
24,Atheism
25,Audacious Project
26,Augmented reality
27,Autism spectrum disorder
28,Bacteria
29,Beauty
30,Bees
31,Behavioral economics
32,Best of the Web
33,Big Bang
34,Biodiversity
35,Bioethics
36,Biology
37,Biomimicry
38,Bionics
39,Biosphere
40,Biotech
41,Birds
42,Blindness
43,Blockchain
44,Body language
45,Books
46,Botany
47,Brain
48,Brazil
49,Buddhism
50,Bullying
51,Business
52,Cancer
53,Capitalism
54,Chemistry
55,China
56,Christianity
57,Cities
58,Climate change
59,Code
60,Cognitive science
61,Collaboration
62,Collective
63,Comedy
64,Communication
65,Community
66,Compassion
67,Computers
68,Conducting
69,Consciousness
70,Conservation
71,Consumerism
72,Coral reefs
73,Coronavirus
74,Corruption
75,Countdown
76,Creativity
77,Crime
78,CRISPR
79,Crowdsourcing
80,Cryptocurrency
81,Culture
82,Curiosity
83,Cyber security
84,Dance
85,Dark matter
86,Data
87,Death
88,Decision-making
89,Deextinction
90,Demo
91,Democracy
92,Depression
93,Design
94,Dinosaurs
95,Disability
96,Discovery
97,Disease
98,Diversity
99,DNA
100,Driverless cars
101,Drones
102,Drugs
103,Ebola
104,Ecology
105,Economics
106,Education
107,Egypt
108,Electricity
109,Emotions
110,Empathy
111,Encryption
112,Energy
113,Engineering
114,Entertainment
115,Entrepreneur
116,Environment
117,Equality
118,Ethics
119,Europe
120,Evolution
121,Exercise
122,Exploration
123,Family
124,Farming
125,Fashion
126,Fear
127,Feminism
128,Film
129,Finance
130,Fish
131,Flight
132,Food
133,Forensics
134,Fossil fuels
135,Friendship
136,Fungi
137,Future
138,Gaming
139,Gardening
140,Gender
141,Genetics
142,Geology
143,Glaciers
144,Global issues
145,Goals
146,Government
147,Grammar
148,Graphic design
149,Happiness
150,Health
151,Health care
152,Hearing
153,Heart
154,Hinduism
155,History
156,Homelessness
157,Human body
158,Human rights
159,Humanities
160,Humanity
161,Humor
162,Ideas
163,Identity
164,Illness
165,Illusion
166,Immigration
167,Inclusion
168,India
169,Indigenous peoples
170,Industrial design
171,Infrastructure
172,Innovation
173,Insects
174,International development
175,International relations
176,Internet
177,Interview
178,Invention
179,Investing
180,Islam
181,Journalism
182,Judaism
183,Justice system
184,Kids
185,Language
186,Law
187,Leadership
188,LGBTQIA+
189,Library
190,Life
191,Literature
192,Love
193,Machine learning
194,Magic
195,Manufacturing
196,Maps
197,Marine biology
198,Marketing
199,Mars
200,Math
201,Media
202,Medical imaging
203,Medical research
204,Medicine
205,Meditation
206,Memory
207,Mental health
208,Metaverse
209,Microbes
210,Microbiology
211,Middle East
212,Military
213,Mindfulness
214,Mission Blue
215,Money
216,Moon
217,Motivation
218,Museums
219,Music
220,Nanotechnology
221,NASA
222,Natural disaster
223,Natural resources
224,Nature
225,Neurology
226,Neuroscience
227,NFTs
228,Nuclear energy
229,Ocean
230,Online privacy
231,Pain
232,Painting
233,Paleontology
234,Pandemic
235,Parenting
236,Performance
237,Person
238,Personal growth
239,Personality
240,Philanthropy
241,Philosophy
242,Photography
243,Physics
244,Planets
245,Plants
246,Plastic
247,Podcast
248,Poetry
249,Policy
250,Politics
251,Pollution
252,Potential
253,Poverty
254,Pregnancy
255,Primates
256,Prison
257,Product design
258,Productivity
259,Prosthetics
260,Protest
261,Psychology
262,PTSD
263,Public health
264,Public space
265,Public speaking
266,Quantum
267,Race
268,Refugees
269,Relationships
270,Religion
271,Renewable energy
272,Resources
273,Rivers
274,Robots
275,Rocket science
276,Science
277,Science fiction
278,Self
279,Sex
280,Sexual violence
281,Shopping
282,Sight
283,Slavery
284,Sleep
285,Smell
286,Social change
287,Social media
288,Society
289,Sociology
290,Software
291,Solar energy
292,Solar system
293,Sound
294,South America
295,Space
296,Spoken word
297,Sports
298,Statistics
299,Storytelling
300,Street art
301,String theory
302,Success
303,Suicide
304,Sun
305,Surgery
306,Surveillance
307,Sustain
308,Sustainability
309,Synthetic biology
310,Talks
311,Teaching
312,Technology
313,TED
314,TED Books
315,TED Connects
316,TED en Espa√±ol
317,TED Fellows
318,TED Membership
319,TED Prize
320,TED Residency
321,TED Talk
322,TED Talks
323,TED-Ed
324,TEDMED
325,TEDx
326,Telescopes
327,Television
328,Terrorism
329,Theater
330,Time
331,Toys
332,Transgender
333,Translation
334,Transportation
335,Travel
336,Trees
337,Trust
338,TV
339,Typography
340,United States
341,Universe
342,Urban planning
343,UX design
344,Vaccines
345,Veganism
346,Violence
347,Virtual reality
348,Virus
349,Visualizations
350,VOD
351,Vulnerability
352,War
353,Water
354,Weather
355,Wind energy
356,Women
357,Women in business
358,Work
359,Work-life balance
360,Worklife
361,Writing
362,Youth
363,3D printing